{"cameraMode":{"drawMode":0,"name":"Shaded","section":"Shading Mode"},"sceneLighting":true,"audioPlay":false,"sceneViewState":{"showFog":true,"showMaterialUpdate":false,"showSkybox":true,"showFlares":true,"showImageEffects":true,"showParticleSystems":true},"in2DMode":false,"pivot":{"x":-0.8470321893692017,"y":1.41015625,"z":-0.01141539216041565},"rotation":{"x":-0.02930290810763836,"y":0.9706805348396301,"z":-0.17152246832847596,"w":-0.16582854092121125},"size":2.4294233322143556,"orthographic":true}