{"cameraMode":{"drawMode":0,"name":"Shaded","section":"Shading Mode"},"sceneLighting":true,"audioPlay":false,"sceneViewState":{"showFog":true,"showMaterialUpdate":false,"showSkybox":true,"showFlares":true,"showImageEffects":true,"showParticleSystems":true},"in2DMode":false,"pivot":{"x":3.289245128631592,"y":0.4140625,"z":3.622730255126953},"rotation":{"x":0.4375832974910736,"y":-0.3006170690059662,"z":0.15799696743488313,"w":0.8325793147087097},"size":5.04116153717041,"orthographic":true}