{"cameraMode":{"drawMode":0,"name":"Shaded","section":"Shading Mode"},"sceneLighting":true,"audioPlay":false,"sceneViewState":{"showFog":true,"showMaterialUpdate":false,"showSkybox":true,"showFlares":true,"showImageEffects":true,"showParticleSystems":true},"in2DMode":false,"pivot":{"x":1.5829191207885743,"y":-4.608489990234375,"z":5.522315502166748},"rotation":{"x":0.3049885332584381,"y":-0.4178495705127716,"z":0.15129607915878297,"w":0.8423163890838623},"size":6.694040775299072,"orthographic":false}