{"cameraMode":{"drawMode":0,"name":"Shaded","section":"Shading Mode"},"sceneLighting":true,"audioPlay":false,"sceneViewState":{"showFog":true,"showMaterialUpdate":false,"showSkybox":true,"showFlares":true,"showImageEffects":true,"showParticleSystems":true},"in2DMode":false,"pivot":{"x":2.485417366027832,"y":1.7485370635986329,"z":3.9326171875},"rotation":{"x":0.5096070766448975,"y":0.21322906017303468,"z":-0.13202574849128724,"w":0.8230450749397278},"size":7.430764675140381,"orthographic":true}