{"cameraMode":{"drawMode":0,"name":"Shaded","section":"Shading Mode"},"sceneLighting":true,"audioPlay":false,"sceneViewState":{"showFog":true,"showMaterialUpdate":false,"showSkybox":true,"showFlares":true,"showImageEffects":true,"showParticleSystems":true},"in2DMode":false,"pivot":{"x":5.3349609375,"y":-1.32373046875,"z":4.61181640625},"rotation":{"x":0.2959469258785248,"y":0.41327810287475588,"z":-0.14405515789985658,"w":0.8490378260612488},"size":4.223204612731934,"orthographic":true}